identifier,name,priceCurrency,price,brand,itemCondition,availability,description,image,gtin12,gtin13,gtin14,gtin8,ratingValue,bestRating,reviewCount
theimagingworld-0cdd55babd85a3453ba49e0da584ef51,Canon PowerShot ELPH 190 IS Digital Camera (Blue) + 16 GB & Accessory Bundle,USD,$ 159.00,,,http://schema.org/OutOfStock,,//cdn.shopify.com/s/files/1/0892/7442/products/Canon_190_Blue_Kit1_grande.jpg?v=1455231994,,,,,,,
theimagingworld-208b46bca4b1aca1731e12c87c2f4882,Canon EOS 5D Mark III Digital Camera (Body Only),USD,"$ 2,299.95",,,http://schema.org/InStock,,//cdn.shopify.com/s/files/1/0892/7442/products/Canon5DIII_6a2b995d-81bd-4f1f-bf11-dc7047d676b7_grande.jpeg?v=1435177190,,,,,,,
theimagingworld-42300322c557ef352c3b51b0780ec542,Canon EOS Rebel T6i DSLR Camera + EF-S 18-55mm IS STM Lens + 24GB Deluxe Bundle,USD,$ 749.00,,,http://schema.org/InStock,,//cdn.shopify.com/s/files/1/0892/7442/products/71PrbJVP5SL._SL1426_grande.jpeg?v=1452025223,,,,,,,
theimagingworld-ca0a1bfcf819945150a7fc9c83df7bda,Fujifilm X100S Digital Camera (Black) - 9291,USD,"$ 1,299.00",,,http://schema.org/InStock,,//cdn.shopify.com/s/files/1/0892/7442/products/Fuji_20X100s_20Black_0e80914c-009d-4ec0-b499-962f0e0b468b_grande.jpeg?v=1435177875,,,,,,,
theimagingworld-4292dcb73d5d13ab8e0948fc1a82cd11,Canon PowerShot ELPH 190 Digital Camera (Red) + 16 GB & Accessory Bundle,USD,$ 149.00,,,http://schema.org/InStock,,//cdn.shopify.com/s/files/1/0892/7442/products/Canon_180_Red_Kit1_grande.jpg?v=1455234115,,,,,,,
theimagingworld-69d2d4603644c1aa86349433c2ffa846,Canon PowerShot ELPH 170 IS 20.0MP Digital Camera (Blue) + 32GB Card + Reader + Case + Accessory Bundle,USD,$ 229.00,,,http://schema.org/InStock,,//cdn.shopify.com/s/files/1/0892/7442/products/Canon_9805_grande.jpg?v=1436982434,,,,,,,
theimagingworld-c2b6be9a80f05be8dad8904f769cb84f,Canon EOS Rebel T6s DSLR Camera (Body Only),USD,$ 699.95,,,http://schema.org/InStock,,//cdn.shopify.com/s/files/1/0892/7442/products/Canon_20T6s_20Body_a1535787-f797-4ee9-bf5e-60ca3e2c10a3_grande.jpeg?v=1435177994,,,,,,,
theimagingworld-8c9d68e5347388d2127cae5e53f5f4e4,Sony Alpha a7R III Mirrorless Digital Camera (Body Only),USD,"$ 3,198.95",,,http://schema.org/InStock,,//cdn.shopify.com/s/files/1/0892/7442/products/1508916028000_1369441_grande.jpg?v=1509120686,,,,,,,
theimagingworld-4e57e28d347ab83eb590fbbbb3fbff36,Canon EOS-1D X Mark II DSLR Camera (Body Only),USD,"$ 6,299.00",,,http://schema.org/OutOfStock,,//cdn.shopify.com/s/files/1/0892/7442/products/1454385064000_1220852_grande.jpeg?v=1454533358,,,,,,,
theimagingworld-b147d75d1ac47b1ce138930ebfad57a1,Polaroid Originals 9003 OneStep2 Instant Film Camera (White),USD,$ 99.99,,,http://schema.org/InStock,,//cdn.shopify.com/s/files/1/0892/7442/products/1505361668000_IMG_869806_grande.jpg?v=1513956744,,,,,,,
theimagingworld-80e54686f059b52ea9bfca0d7a6ebe8c,Canon PowerShot SX610 HS 20.2MP Digital Super 18x Optical Zoom Camera (Red) + Case + Battery + Tripod + 32GB Deluxe Accessories Bundle,USD,$ 249.99,,,http://schema.org/InStock,,//cdn.shopify.com/s/files/1/0892/7442/products/Canon_9937_grande.jpg?v=1437684571,,,,,,,
theimagingworld-2532acd3822d0438b92ef6c2168fca5f,Canon PowerShot ELPH 190 IS Digital Camera (Black),USD,$ 159.00,,,http://schema.org/InStock,,//cdn.shopify.com/s/files/1/0892/7442/products/1452002007000_1210603_grande.jpeg?v=1455231023,,,,,,,
theimagingworld-1f921b7a60a3241a86540735691f463f,Canon PowerShot ELPH 190 IS Digital Camera (Red) + 16 GB & Accessory Bundle,USD,$ 159.00,,,http://schema.org/InStock,,//cdn.shopify.com/s/files/1/0892/7442/products/Canon_190_Red_Kit1_grande.jpg?v=1455232098,,,,,,,
theimagingworld-6ee83afd152aa933a2895136a24ee658,Canon PowerShot ELPH 180 Digital Camera (Red),USD,$ 129.00,,,http://schema.org/OutOfStock,,//cdn.shopify.com/s/files/1/0892/7442/products/1452002007000_1210607_ff76471e-24d6-4448-8aa5-2719abd57ca9_grande.jpeg?v=1455233707,,,,,,,
theimagingworld-e251c35c1c273a9478954e5cd30b3a24,Canon EOS 5D Mark IV DSLR Camera with 24-70mm f/4L Lens,USD,"$ 4,049.95",,,http://schema.org/InStock,,//cdn.shopify.com/s/files/1/0892/7442/products/1_c1e9dbc7-479e-4c80-a533-1ed897b3ab57_grande.jpg?v=1472592398,,,,,,,
theimagingworld-f59a87d2d69dd07899d90380ba6c70cf,Canon EOS Rebel T6i DSLR Camera (Body Only),USD,$ 649.00,,,http://schema.org/InStock,,//cdn.shopify.com/s/files/1/0892/7442/products/Canon_20T6i_20Body_56f475b5-aab0-424e-946a-634d22075998_grande.jpeg?v=1435177991,,,,,,,
theimagingworld-52097cccf8481acc5232dd5e6fbf20fb,Canon PowerShot SX610 HS Digital Camera (White),USD,$ 249.99,,,http://schema.org/InStock,,//cdn.shopify.com/s/files/1/0892/7442/products/Canon_SX610_White_grande.jpg?v=1437684063,,,,,,,
theimagingworld-8408162293a6610c6ff810824b785dcb,Canon EOS 7D Mark II DSLR Camera with 18-135mm Lens,USD,"$ 1,849.95",,,http://schema.org/InStock,,//cdn.shopify.com/s/files/1/0892/7442/products/Canon_207D_20MArk_20II_2018-135_20Kit_ffd7cf16-734d-494d-8d9c-127d962ea847_grande.jpeg?v=1435177877,,,,,,,
theimagingworld-1076df3978b9c2800896e2c4d46e9392,Canon EOS 7D Mark II DSLR Camera (Body Only),USD,"$ 1,499.00",,,http://schema.org/InStock,,//cdn.shopify.com/s/files/1/0892/7442/products/Canon_207D_20Mark_20II_20Body_3f91b5ba-7145-46c4-a196-a62f7372354a_grande.jpeg?v=1435177877,,,,,,,
theimagingworld-042ebed78d39f4dd046d2bbd1dddcc58,Canon PowerShot SX710 HS 20.3MP Super 30x Optical Zoom Digital Camera (Black) + Case + Battery + Tripod + 32GB Accessories Bundle,USD,$ 349.00,,,http://schema.org/OutOfStock,,//cdn.shopify.com/s/files/1/0892/7442/products/Canon_2477_grande.jpg?v=1437691507,,,,,,,
theimagingworld-fffd336247f49901accdf8d12a9bca37,Sony Alpha a6000 Mirrorless Digi. Camera w/ 16-50mm Lens (Black),USD,$ 648.95,,,http://schema.org/InStock,,//cdn.shopify.com/s/files/1/0892/7442/products/d66d60a0546a43f3e3068ec493f1d26b_grande.jpg?v=1509043285,,,,,,,
theimagingworld-ddea0e4574ba811d62791201ddcf8248,Canon EOS Rebel T6i DSLR Camera with EF-S 18-55mm f/3.5-5.6 IS STM Len,USD,$ 799.00,,,http://schema.org/InStock,,//cdn.shopify.com/s/files/1/0892/7442/products/Canon_20T6i_2018-55_40848788-4819-4478-aff1-1cc43eb9a330_grande.jpeg?v=1435177990,,,,,,,
theimagingworld-6a95afd558c7a16eead665282326e586,Canon EOS 6D Mark II DSLR Camera (Body Only),USD,"$ 1,999.00",,,http://schema.org/InStock,,//cdn.shopify.com/s/files/1/0892/7442/products/1_400646c6-4f0c-413c-b70b-63334aa51514_grande.jpg?v=1498756456,,,,,,,
theimagingworld-60190991f87fedb33726fe2c4e120422,Sony Alpha a7S II Mirrorless Digital Camera (Body Only),USD,"$ 2,698.95",,,http://schema.org/InStock,,//cdn.shopify.com/s/files/1/0892/7442/products/1505320719000_1186034_grande.jpg?v=1509124467,,,,,,,
theimagingworld-467500ef0477d49b6f923d80a03ebef7,Canon EOS Rebel T6i DSLR Camera with 18-55mm Lens + 24 GB and Accessory Bundle Kit,USD,$ 859.99,,,http://schema.org/InStock,,//cdn.shopify.com/s/files/1/0892/7442/products/Canon_10008_grande.jpg?v=1438294229,,,,,,,
theimagingworld-3c5d3eb127aa4806d7532e8ec3fb82a9,Canon EOS 5D Mark IV DSLR Camera with 24-105mm f/4L II Lens,USD,"$ 4,199.00",,,http://schema.org/InStock,,//cdn.shopify.com/s/files/1/0892/7442/products/1_663b22bf-98b2-4a22-a670-80c48bd001bf_grande.jpg?v=1472591774,,,,,,,
theimagingworld-ff9cf8e8cc62dcde7fa070c9bd6a221f,Canon EOS 70D DSLR Camera with 18-55mm STM f/3.5-5.6 Lens,USD,$ 899.95,,,http://schema.org/InStock,,//cdn.shopify.com/s/files/1/0892/7442/products/Canon_2070D_2018-55_8f7fc9b7-a725-498f-924e-7365d542cf82_grande.jpeg?v=1435177463,,,,,,,
theimagingworld-4ebea1ad51b25b103f81c204cd65e55d,Canon PowerShot ELPH 180 Digital Camera (Silver),USD,$ 129.00,,,http://schema.org/OutOfStock,,//cdn.shopify.com/s/files/1/0892/7442/products/1452002007000_1210606_grande.jpeg?v=1455234281,,,,,,,
theimagingworld-834fd14445960a5b58046069389bd0c8,Canon PowerShot ELPH 190 IS Digital Camera (Red),USD,$ 159.00,,,http://schema.org/InStock,,//cdn.shopify.com/s/files/1/0892/7442/products/1452002007000_1210604_grande.jpeg?v=1455231412,,,,,,,
theimagingworld-0fee59ed007d73be0dc51f9d184b395c,Canon PowerShot ELPH 190 IS Digital Camera (Blue),USD,$ 159.00,,,http://schema.org/OutOfStock,,//cdn.shopify.com/s/files/1/0892/7442/products/1452002007000_1210605_grande.jpeg?v=1455231154,,,,,,,
theimagingworld-43fca37d4baa06607bf65c4354882cbc,Canon EOS Rebel T6s 24.2MP CMOS Digital SLR Camera with EF-S 18-135mm IS STM Lens Kit + 2x 16GB Cards and More,USD,"$ 1,119.00",,,http://schema.org/InStock,,//cdn.shopify.com/s/files/1/0892/7442/products/Canon_2414_grande.jpg?v=1437430352,,,,,,,
theimagingworld-9bdd6bf21129172716e8e367e5978506,Canon PowerShot SX610 HS 20.2MP Digital Super 18x Optical Zoom Camera (Black) + Case + Battery + Tripod + 32GB Deluxe Accessories Bundle,USD,$ 249.99,,,http://schema.org/InStock,,//cdn.shopify.com/s/files/1/0892/7442/products/Canon_9935_grande.jpg?v=1437684173,,,,,,,
theimagingworld-a42b8d02c4ee8d85aabca3611a93d780,Canon EOS 70D DSLR Camera with 18-135mm STM f/3.5-5.6 Lens - 8127,USD,"$ 1,099.95",,,http://schema.org/InStock,,//cdn.shopify.com/s/files/1/0892/7442/products/Canon_2070D_2018-135_478813b0-e2ca-4da0-b34e-07d9077f0a0c_grande.jpeg?v=1435177463,,,,,,,
theimagingworld-5133115921c5067ee210774b80a2eb92,Sony Alpha a6300 Mirrorless Digital Camera (Body Only),USD,$ 898.00,,,http://schema.org/InStock,,//cdn.shopify.com/s/files/1/0892/7442/products/8ba58c39a00633bd117590d7f66fb716_grande.jpg?v=1509045215,,,,,,,
theimagingworld-4e1dc8bfa5a12c22b17eba0a134b33fd,Canon EOS 5D Mark III DSLR Camera with 24-105mm Lens,USD,"$ 2,899.95",,,http://schema.org/InStock,,//cdn.shopify.com/s/files/1/0892/7442/products/Canon5DIII24105_eed4b4db-8ee7-4279-8a08-f032f5fc32c4_grande.jpeg?v=1435177190,,,,,,,
theimagingworld-822bb109d4e3eadceeecf1b9733e6d10,Polaroid Originals 9002 OneStep2 Instant Film Camera (Graphite),USD,$ 99.99,,,http://schema.org/InStock,,//cdn.shopify.com/s/files/1/0892/7442/products/1505411111000_1358098_1_grande.jpg?v=1514750177,,,,,,,
theimagingworld-041e28a011af94262f8c8d4e87ed3c5b,Sony Alpha a7R II Mirrorless Digital Camera (Body Only),USD,"$ 2,898.95",,,http://schema.org/InStock,,//cdn.shopify.com/s/files/1/0892/7442/products/1481230513000_IMG_503595_grande.jpg?v=1509123818,,,,,,,
theimagingworld-0e6d1f3965a781971d85e8c11fe8d94a,Canon EOS Rebel T6i DSLR Camera with EF-S 18-135mm f/3.5-5.6 IS STM Le,USD,$ 849.95,,,http://schema.org/InStock,,//cdn.shopify.com/s/files/1/0892/7442/products/Canon_20T6i_2018-135_7ff0f1d0-b71d-4052-92bb-0480bac06b6b_grande.jpeg?v=1435177991,,,,,,,
theimagingworld-cb120a9ce08e7ef5b643ddc92c7c0b78,Canon PowerShot SX710 HS Digital Camera (Black),USD,$ 329.00,,,http://schema.org/InStock,,//cdn.shopify.com/s/files/1/0892/7442/products/Canon_SX710_Black_grande.jpg?v=1437691089,,,,,,,
theimagingworld-01d9a9794cbbd2f27c1b37a3c9afc320,Canon EOS 5DS DSLR Camera (Body Only),USD,"$ 3,499.00",,,http://schema.org/InStock,,//cdn.shopify.com/s/files/1/0892/7442/products/Canon_205Ds_20Body_20-1_30c1edd7-bfd3-479a-8bef-6f39d1ecf5ea_grande.jpeg?v=1435177989,,,,,,,
theimagingworld-7589118365d8844f859094571ed7f94e,Canon EOS 6D Digital Camera with Canon 24-105mm f/4.0L IS USM AF Lens,USD,"$ 1,999.95",,,http://schema.org/InStock,,//cdn.shopify.com/s/files/1/0892/7442/products/Canon_206D_2024-105_20Kit12_grande.jpeg?v=1435177474,,,,,,,
theimagingworld-f8c154448977df3a9d4ec071de5d24c4,Canon PowerShot SX530 HS 16MP 50x Optical Zoom HD IS Digital Camera +32GB Bundle,USD,$ 249.00,,,http://schema.org/OutOfStock,,//cdn.shopify.com/s/files/1/0892/7442/products/Canon_SX530_Kit1_grande.jpeg?v=1452028568,,,,,,,
theimagingworld-d7e7c891dd2400341896145bf77ce856,Canon EOS Rebel T6s DSLR Camera with EF-S 18-135mm f/3.5-5.6 IS STM,USD,$ 999.95,,,http://schema.org/InStock,,//cdn.shopify.com/s/files/1/0892/7442/products/Canon_20T6s_2018-135_b7d2ca57-653e-4c13-a58e-d9cb5a16e524_grande.jpeg?v=1435177995,,,,,,,
theimagingworld-6cc2d14b7988b2e6c55a31d789768792,Canon EOS 5DS R DSLR Camera (Body Only),USD,"$ 3,699.00",,,http://schema.org/InStock,,//cdn.shopify.com/s/files/1/0892/7442/products/Canon_205Ds_20R_20Body_20-1_f530b8f1-324a-4ca6-94f6-9b24b8451ee2_grande.jpeg?v=1435177990,,,,,,,
theimagingworld-3138b4dbb1838b3e422fdf9f2b3c949d,Canon PowerShot SX610 HS Digital Camera (Red),USD,$ 249.99,,,http://schema.org/InStock,,//cdn.shopify.com/s/files/1/0892/7442/products/Canon_SX610_Red_grande.jpg?v=1437684029,,,,,,,
theimagingworld-ae53fa34fce878bdb7885b08cfe71f69,Canon PowerShot SX610 HS Digital Camera (Black),USD,$ 249.99,,,http://schema.org/InStock,,//cdn.shopify.com/s/files/1/0892/7442/products/Canon_SX610_Black_7370c3c0-382d-407c-a184-aa9492397fc2_grande.jpg?v=1437683911,,,,,,,
theimagingworld-e4c87ff39f1a9763d6d538f461cef41b,Canon PowerShot ELPH 190 IS Digital Camera (Black) + 16 GB & Accessory Bundle,USD,$ 159.00,,,http://schema.org/InStock,,//cdn.shopify.com/s/files/1/0892/7442/products/Canon_190_Black_Kit1_grande.jpg?v=1455231848,,,,,,,
theimagingworld-95b5c8637adaaed76ad61f38dc309c8e,Canon PowerShot SX710 HS 20.3MP Super 30x Optical Zoom Digital Camera (Black) + Case + Tripod + 16GB Accessories Bundle,USD,$ 339.00,,,http://schema.org/InStock,,//cdn.shopify.com/s/files/1/0892/7442/products/Canon_2476_grande.jpg?v=1437691296,,,,,,,
theimagingworld-84b2ce5373d07e11df0f3ba0a882896e,Fujifilm X100S Digital Camera (Silver) - 9271,USD,$ 949.95,,,http://schema.org/InStock,,//cdn.shopify.com/s/files/1/0892/7442/products/Fuji_20X100s_20Silver_dcc57d2e-c465-415f-abb7-829a31a73276_grande.jpeg?v=1435177876,,,,,,,
